label,average_salary,category
L,142949.25935828878,CompanySize
M,151623.60771780304,CompanySize
S,92666.54716981133,CompanySize
